<?xml version="1.0" encoding="UTF-8"?>

<CommunicationRequest xmlns="http://hl7.org/fhir">
  <id value="com2"/>
  <meta>
    <profile value="http://esante.gouv.fr/ci-sis/fhir/StructureDefinition/NdE_EventDeclarationNdE"/>
  </meta>
  <text>
    <status value="extensions"/><div xmlns="http://www.w3.org/1999/xhtml"><p class="res-header-id"><b>Narratif généré : DemandeDeCommunication com2</b></p><a name="com2"> </a><a name="hccom2"> </a><div style="display: inline-block; background-color: #d9e0e7; padding: 6px; margin: 4px; border: 1px solid #8da1b4; border-radius: 5px; line-height: 60%"><p style="margin-bottom: 0px"/><p style="margin-bottom: 0px">Profil: <a href="StructureDefinition-nde-eventdeclaration.html">NdE_EventDeclarationNdE</a></p></div><p><b>Event Type</b>: <span title="Codes :{https://mos.esante.gouv.fr/NOS/TRE_R254-TypeEvenement/FHIR/TRE-R254-TypeEvenement SOR}">Sortie d'un patient de l'établissement de santé</span></p><p><b>Event Time</b>: 2019-01-01 00:00:00+0000</p><p><b>status</b>: Active</p><p><b>subject</b>: <a href="#hccom2/pat1">Langdon Robert  Male, Date de Naissance :1960-03-20</a></p><h3>Payloads</h3><table class="grid"><tr><td style="display: none">-</td><td><b>Content[x]</b></td></tr><tr><td style="display: none">*</td><td>text/plain : SGVsbG8=</td></tr></table><p><b>requester</b>: <a href="#hccom2/org1">Organization Service de pneumologie, Hôpital Test</a></p><hr/><blockquote><p class="res-header-id"><b>Narratif généré : Patient #pat1</b></p><a name="com2/pat1"> </a><a name="hccom2/pat1"> </a><p style="border: 1px #661aff solid; background-color: #e6e6ff; padding: 10px;">Langdon Robert  Male, Date de Naissance :1960-03-20</p><hr/><table class="grid"><tr><td style="background-color: #f3f5da" title="Moyens de contacter le Patient">Coordonnées</td><td colspan="3">ph: (03) 3410 5613(Mobile)</td></tr></table></blockquote><hr/><blockquote><p class="res-header-id"><b>Narratif généré : Organisation #org1</b></p><a name="com2/org1"> </a><a name="hccom2/org1"> </a><p><b>name</b>: Service de pneumologie, Hôpital Test</p><p><b>telecom</b>: ph: 022-655 6780, <a href="mailto:pneumo@hopitalTest.fr">pneumo@hopitalTest.fr</a></p><p><b>address</b>: Aile ouest, étage 5 </p></blockquote></div>
  </text>
  <contained>
    <Patient>
      <id value="pat1"/>
      <extension url="http://interopsante.org/fhir/StructureDefinition/FrPatientIdentReliability">
        <extension url="identityReliability">
          <valueCoding>
            <system value="https://hl7.fr/ig/fhir/core/CodeSystem/fr-core-cs-v2-0445"/>
            <code value="VALI"/>
            <display value="Identité validée"/>
          </valueCoding>
        </extension>
        <extension url="validationDate">
          <valueDate value="2020-04-22"/>
        </extension>
        <extension url="validationMode">
          <valueCoding>
            <code value="CN"/>
            <display value="Carte nationale d'identité"/>
          </valueCoding>
        </extension>
      </extension>
      <name>
        <use value="usual"/>
        <family value="Robert"/>
        <given value="Langdon"/>
        <prefix value="MR"/>
      </name>
      <telecom>
        <system value="phone"/>
        <value value="(03) 3410 5613"/>
        <use value="mobile"/>
        <rank value="1"/>
      </telecom>
      <gender value="male"/>
      <birthDate value="1960-03-20"/>
    </Patient>
  </contained>
  <contained>
    <Organization>
      <id value="org1"/>
      <name value="Service de pneumologie, Hôpital Test"/>
      <telecom>
        <system value="phone"/>
        <value value="022-655 6780"/>
      </telecom>
      <telecom>
        <system value="email"/>
        <value value="pneumo@hopitalTest.fr"/>
        <use value="work"/>
      </telecom>
      <address>
        <line value="Aile ouest, étage 5"/>
      </address>
    </Organization>
  </contained>
  <extension url="https://interop.esante.gouv.fr/ig/fhir/[code]/StructureDefinition/event-type">
    <valueCodeableConcept>
      <coding>
        <system value="https://mos.esante.gouv.fr/NOS/TRE_R254-TypeEvenement/FHIR/TRE-R254-TypeEvenement"/>
        <code value="SOR"/>
        <display value="Sortie d'un patient de l'établissement de santé"/>
      </coding>
    </valueCodeableConcept>
  </extension>
  <extension url="https://interop.esante.gouv.fr/ig/fhir/[code]/StructureDefinition/event-time">
    <valueDateTime value="2019-01-01T00:00:00Z"/>
  </extension>
  <status value="active"/>
  <subject>
    <reference value="#pat1"/>
  </subject>
  <payload>
    <contentAttachment>
      <contentType value="text/plain"/>
      <data value="SGVsbG8="/>
      <title value="Sortie du patient Robert Langdon de l'établissement de santé"/>
      <creation value="2019-01-01T00:00:00Z"/>
    </contentAttachment>
  </payload>
  <requester>
    <reference value="#org1"/>
  </requester>
</CommunicationRequest>