<?xml version="1.0" encoding="UTF-8"?>

<Bundle xmlns="http://hl7.org/fhir">
  <id value="2c64b551-df00-4512-85bb-596b517c0c50"/>
  <meta>
    <lastUpdated value="2026-01-09T15:41:51.169+00:00"/>
  </meta>
  <type value="collection"/>
  <entry>
    <fullUrl value="https://interop.esante.gouv.fr/ig/fhir/[code]/ValueSet/EyeColorVS"/>
    <resource>
      <ValueSet>
        <text>
          <status value="generated"/>
          <div xmlns="http://www.w3.org/1999/xhtml" data-fhir="generated">
            <p class="res-header-id"/>
            <p style="border: black 1px dotted; background-color: #EEEEEE; padding: 8px; margin-bottom: 8px">Expansion de smt.esante.gouv.fr basée sur SNOMED CT édition 11000315107 21-Jun 2025
              <span class="copy-text-inline">
                <button data-clipboard-text="http://snomed.info/sct|http://snomed.info/sct/11000315107/version/20250621" title="Cliquer pour copier lURL" class="btn-copy"> </button>
              </span>
            </p>
            <p>Ce jeu de valeur (ValueSet) contient 3 concepts</p>
            <table class="codes" data-fhir="generated">
              <tr>
                <td>
                  <b>Système</b>
                </td>
                <td style="white-space:nowrap">
                  <b>Code</b>
                </td>
                <td>
                  <b>Affichage (fr)</b>
                </td>
                <td>
                  <b>Inactif</b>
                </td>
                <td>
                  <b>JSON</b>
                </td>
                <td>
                  <b>XML</b>
                </td>
              </tr>
              <tr>
                <td>
                  <a name="x-http://snomed.info/sct-405738005"> </a>
                  <code>http://snomed.info/sct</code>
                </td>
                <td style="white-space:nowrap">  
                  <a href="http://snomed.info/id/405738005">405738005</a>
                </td>
                <td>Blue color</td>
                <td/>
                <td>
                  <span class="copy-text-inline">
                    <button data-clipboard-text="{&quot;system&quot;: &quot;http://snomed.info/sct&quot;, &quot;version&quot;: &quot;http://snomed.info/sct/11000315107&quot;, &quot;code&quot;: &quot;405738005&quot;, &quot;display&quot;: &quot;Blue color&quot;}" title="Cliquer pour copier en tant que Coding" class="btn-copy"> </button>
                  </span>
                </td>
                <td>
                  <span class="copy-text-inline">
                    <button data-clipboard-text="&lt;coding&gt;&lt;system value=&quot;http://snomed.info/sct&quot;&gt;&lt;version value=&quot;http://snomed.info/sct/11000315107&quot;&gt;&lt;code value=&quot;405738005&quot;&gt;&lt;display value=&quot;Blue color&quot;&gt;&lt;/coding&gt;" title="Cliquer pour copier en tant que Coding" class="btn-copy"> </button>
                  </span>
                </td>
              </tr>
              <tr>
                <td>
                  <a name="x-http://snomed.info/sct-371254008"> </a>
                  <code>http://snomed.info/sct</code>
                </td>
                <td style="white-space:nowrap">  
                  <a href="http://snomed.info/id/371254008">371254008</a>
                </td>
                <td>Brown color</td>
                <td/>
                <td>
                  <span class="copy-text-inline">
                    <button data-clipboard-text="{&quot;system&quot;: &quot;http://snomed.info/sct&quot;, &quot;version&quot;: &quot;http://snomed.info/sct/11000315107&quot;, &quot;code&quot;: &quot;371254008&quot;, &quot;display&quot;: &quot;Brown color&quot;}" title="Cliquer pour copier en tant que Coding" class="btn-copy"> </button>
                  </span>
                </td>
                <td>
                  <span class="copy-text-inline">
                    <button data-clipboard-text="&lt;coding&gt;&lt;system value=&quot;http://snomed.info/sct&quot;&gt;&lt;version value=&quot;http://snomed.info/sct/11000315107&quot;&gt;&lt;code value=&quot;371254008&quot;&gt;&lt;display value=&quot;Brown color&quot;&gt;&lt;/coding&gt;" title="Cliquer pour copier en tant que Coding" class="btn-copy"> </button>
                  </span>
                </td>
              </tr>
              <tr>
                <td>
                  <a name="x-http://snomed.info/sct-54662009"> </a>
                  <code>http://snomed.info/sct</code>
                </td>
                <td style="white-space:nowrap">  
                  <a href="http://snomed.info/id/54662009">54662009</a>
                </td>
                <td>Green color</td>
                <td>inactif</td>
                <td>
                  <span class="copy-text-inline">
                    <button data-clipboard-text="{&quot;system&quot;: &quot;http://snomed.info/sct&quot;, &quot;version&quot;: &quot;http://snomed.info/sct/11000315107&quot;, &quot;code&quot;: &quot;54662009&quot;, &quot;display&quot;: &quot;Green color&quot;}" title="Cliquer pour copier en tant que Coding" class="btn-copy"> </button>
                  </span>
                </td>
                <td>
                  <span class="copy-text-inline">
                    <button data-clipboard-text="&lt;coding&gt;&lt;system value=&quot;http://snomed.info/sct&quot;&gt;&lt;version value=&quot;http://snomed.info/sct/11000315107&quot;&gt;&lt;code value=&quot;54662009&quot;&gt;&lt;display value=&quot;Green color&quot;&gt;&lt;/coding&gt;" title="Cliquer pour copier en tant que Coding" class="btn-copy"> </button>
                  </span>
                </td>
              </tr>
            </table>
          </div>
        </text>
        <url value="https://interop.esante.gouv.fr/ig/fhir/[code]/ValueSet/EyeColorVS"/>
        <version value="0.1.0"/>
        <name value="EyeColorVS"/>
        <title value="EyeColor Value Set"/>
        <status value="draft"/>
        <date value="2026-01-09T15:41:51+00:00"/>
        <jurisdiction>
          <coding>
            <system value="urn:iso:std:iso:3166"/>
            <code value="FR"/>
            <display value="FRANCE"/>
          </coding>
        </jurisdiction>
        <expansion>
          <identifier value="urn:uuid:16787465-6543-4564-a993-b4a4b22f5e70"/>
          <timestamp value="2026-01-09T15:42:39+00:00"/>
          <total value="3"/>
          <offset value="0"/>
          <parameter>
            <name value="displayLanguage"/>
            <valueCode value="fr"/>
          </parameter>
          <parameter>
            <name value="count"/>
            <valueInteger value="1000"/>
          </parameter>
          <parameter>
            <name value="offset"/>
            <valueInteger value="0"/>
          </parameter>
          <parameter>
            <name value="excludeNested"/>
            <valueBoolean value="false"/>
          </parameter>
          <parameter>
            <name value="system-version"/>
            <valueUri value="http://snomed.info/sct|http://snomed.info/sct/11000315107"/>
          </parameter>
          <parameter>
            <name value="used-valueset"/>
            <valueUri value="null"/>
          </parameter>
          <parameter>
            <name value="used-codesystem"/>
            <valueUri value="http://snomed.info/sct|http://snomed.info/sct/11000315107/version/20250621"/>
          </parameter>
          <parameter>
            <name value="version"/>
            <valueUri value="http://snomed.info/sct|http://snomed.info/sct/11000315107/version/20250621"/>
          </parameter>
          <contains>
            <system value="http://snomed.info/sct"/>
            <code value="405738005"/>
            <display value="Blue color"/>
          </contains>
          <contains>
            <system value="http://snomed.info/sct"/>
            <code value="371254008"/>
            <display value="Brown color"/>
          </contains>
          <contains>
            <system value="http://snomed.info/sct"/>
            <inactive value="true"/>
            <code value="54662009"/>
            <display value="Green color"/>
          </contains>
        </expansion>
      </ValueSet>
    </resource>
  </entry>
  <entry>
    <fullUrl value="https://interop.esante.gouv.fr/ig/fhir/[code]/ValueSet/MeltingPotVS"/>
    <resource>
      <ValueSet>
        <text>
          <status value="generated"/>
          <div xmlns="http://www.w3.org/1999/xhtml" data-fhir="generated">
            <p class="res-header-id"/>
            <div style="border: black 1px dotted; background-color: #EEEEEE; padding: 8px; margin-bottom: 8px">
              <p>Expansion de smt.esante.gouv.fr basée sur :</p>
              <ul>
                <li>SNOMED CT édition 11000315107 21-Jun 2025
                  <span class="copy-text-inline">
                    <button data-clipboard-text="http://snomed.info/sct|http://snomed.info/sct/11000315107/version/20250621" title="Cliquer pour copier lURL" class="btn-copy"> </button>
                  </span>
                </li>
                <li>
                  <a href="CodeSystem-competence-code-system.html">codesystem Compétences CodeSystem v0.1.0 (CodeSystem)</a>
                  <span class="copy-text-inline">
                    <button data-clipboard-text="https://interop.esante.gouv.fr/ig/fhir/[code]/CodeSystem/competence-code-system|0.1.0" title="Cliquer pour copier lURL" class="btn-copy"> </button>
                  </span>
                </li>
                <li>
                  <a href="CodeSystem-type-carte-code-system.html">codesystem Type de carte v0.1.0 (CodeSystem)</a>
                  <span class="copy-text-inline">
                    <button data-clipboard-text="https://interop.esante.gouv.fr/ig/fhir/[code]/CodeSystem/type-carte-code-system|0.1.0" title="Cliquer pour copier lURL" class="btn-copy"> </button>
                  </span>
                </li>
              </ul>
            </div>
            <p>Ce jeu de valeur (ValueSet) contient 7 concepts</p>
            <table class="codes" data-fhir="generated">
              <tr>
                <td>
                  <b>Système</b>
                </td>
                <td style="white-space:nowrap">
                  <b>Code</b>
                </td>
                <td>
                  <b>Affichage (fr)</b>
                </td>
                <td>
                  <b>Définition</b>
                </td>
                <td>
                  <b>JSON</b>
                </td>
                <td>
                  <b>XML</b>
                </td>
              </tr>
              <tr>
                <td>
                  <a name="x-http://snomed.info/sct-405738005"> </a>
                  <code>http://snomed.info/sct</code>
                </td>
                <td style="white-space:nowrap">  
                  <a href="http://snomed.info/id/405738005">405738005</a>
                </td>
                <td>Blue color</td>
                <td/>
                <td>
                  <span class="copy-text-inline">
                    <button data-clipboard-text="{&quot;system&quot;: &quot;http://snomed.info/sct&quot;, &quot;version&quot;: &quot;http://snomed.info/sct/11000315107&quot;, &quot;code&quot;: &quot;405738005&quot;, &quot;display&quot;: &quot;Blue color&quot;}" title="Cliquer pour copier en tant que Coding" class="btn-copy"> </button>
                  </span>
                </td>
                <td>
                  <span class="copy-text-inline">
                    <button data-clipboard-text="&lt;coding&gt;&lt;system value=&quot;http://snomed.info/sct&quot;&gt;&lt;version value=&quot;http://snomed.info/sct/11000315107&quot;&gt;&lt;code value=&quot;405738005&quot;&gt;&lt;display value=&quot;Blue color&quot;&gt;&lt;/coding&gt;" title="Cliquer pour copier en tant que Coding" class="btn-copy"> </button>
                  </span>
                </td>
              </tr>
              <tr>
                <td>
                  <a name="x-http://snomed.info/sct-371254008"> </a>
                  <code>http://snomed.info/sct</code>
                </td>
                <td style="white-space:nowrap">  
                  <a href="http://snomed.info/id/371254008">371254008</a>
                </td>
                <td>Brown color</td>
                <td/>
                <td>
                  <span class="copy-text-inline">
                    <button data-clipboard-text="{&quot;system&quot;: &quot;http://snomed.info/sct&quot;, &quot;version&quot;: &quot;http://snomed.info/sct/11000315107&quot;, &quot;code&quot;: &quot;371254008&quot;, &quot;display&quot;: &quot;Brown color&quot;}" title="Cliquer pour copier en tant que Coding" class="btn-copy"> </button>
                  </span>
                </td>
                <td>
                  <span class="copy-text-inline">
                    <button data-clipboard-text="&lt;coding&gt;&lt;system value=&quot;http://snomed.info/sct&quot;&gt;&lt;version value=&quot;http://snomed.info/sct/11000315107&quot;&gt;&lt;code value=&quot;371254008&quot;&gt;&lt;display value=&quot;Brown color&quot;&gt;&lt;/coding&gt;" title="Cliquer pour copier en tant que Coding" class="btn-copy"> </button>
                  </span>
                </td>
              </tr>
              <tr>
                <td>
                  <a name="x-https://interop.esante.gouv.fr/ig/fhir/|5bcode|5d/CodeSystem/competence-code-system-C01"> </a>
                  <code>https://interop.esante.gouv.fr/ig/fhir/[code]/CodeSystem/competence-code-system</code>
                </td>
                <td style="white-space:nowrap">  
                  <a href="CodeSystem-competence-code-system.html#competence-code-system-C01">C01</a>
                </td>
                <td/>
                <td>Anatomie, Cyto patho;Anatomie et Cytologie pathologiques humaines</td>
                <td>
                  <span class="copy-text-inline">
                    <button data-clipboard-text="{&quot;system&quot;: &quot;https://interop.esante.gouv.fr/ig/fhir/[code]/CodeSystem/competence-code-system&quot;, &quot;version&quot;: &quot;0.1.0&quot;, &quot;code&quot;: &quot;C01&quot;}" title="Cliquer pour copier en tant que Coding" class="btn-copy"> </button>
                  </span>
                </td>
                <td>
                  <span class="copy-text-inline">
                    <button data-clipboard-text="&lt;coding&gt;&lt;system value=&quot;https://interop.esante.gouv.fr/ig/fhir/[code]/CodeSystem/competence-code-system&quot;&gt;&lt;version value=&quot;0.1.0&quot;&gt;&lt;code value=&quot;C01&quot;&gt;&lt;/coding&gt;" title="Cliquer pour copier en tant que Coding" class="btn-copy"> </button>
                  </span>
                </td>
              </tr>
              <tr>
                <td>
                  <a name="x-https://interop.esante.gouv.fr/ig/fhir/|5bcode|5d/CodeSystem/type-carte-code-system-CPA"> </a>
                  <code>https://interop.esante.gouv.fr/ig/fhir/[code]/CodeSystem/type-carte-code-system</code>
                </td>
                <td style="white-space:nowrap">  
                  <a href="CodeSystem-type-carte-code-system.html#type-carte-code-system-CPA">CPA</a>
                </td>
                <td/>
                <td>La carte d'un personnel autorisé (CDA/CPA)</td>
                <td>
                  <span class="copy-text-inline">
                    <button data-clipboard-text="{&quot;system&quot;: &quot;https://interop.esante.gouv.fr/ig/fhir/[code]/CodeSystem/type-carte-code-system&quot;, &quot;version&quot;: &quot;0.1.0&quot;, &quot;code&quot;: &quot;CPA&quot;}" title="Cliquer pour copier en tant que Coding" class="btn-copy"> </button>
                  </span>
                </td>
                <td>
                  <span class="copy-text-inline">
                    <button data-clipboard-text="&lt;coding&gt;&lt;system value=&quot;https://interop.esante.gouv.fr/ig/fhir/[code]/CodeSystem/type-carte-code-system&quot;&gt;&lt;version value=&quot;0.1.0&quot;&gt;&lt;code value=&quot;CPA&quot;&gt;&lt;/coding&gt;" title="Cliquer pour copier en tant que Coding" class="btn-copy"> </button>
                  </span>
                </td>
              </tr>
              <tr>
                <td>
                  <a name="x-https://interop.esante.gouv.fr/ig/fhir/|5bcode|5d/CodeSystem/type-carte-code-system-CPE"> </a>
                  <code>https://interop.esante.gouv.fr/ig/fhir/[code]/CodeSystem/type-carte-code-system</code>
                </td>
                <td style="white-space:nowrap">  
                  <a href="CodeSystem-type-carte-code-system.html#type-carte-code-system-CPE">CPE</a>
                </td>
                <td/>
                <td>La Carte de Personnel d'Etablissement de santé (CDE/CPE).</td>
                <td>
                  <span class="copy-text-inline">
                    <button data-clipboard-text="{&quot;system&quot;: &quot;https://interop.esante.gouv.fr/ig/fhir/[code]/CodeSystem/type-carte-code-system&quot;, &quot;version&quot;: &quot;0.1.0&quot;, &quot;code&quot;: &quot;CPE&quot;}" title="Cliquer pour copier en tant que Coding" class="btn-copy"> </button>
                  </span>
                </td>
                <td>
                  <span class="copy-text-inline">
                    <button data-clipboard-text="&lt;coding&gt;&lt;system value=&quot;https://interop.esante.gouv.fr/ig/fhir/[code]/CodeSystem/type-carte-code-system&quot;&gt;&lt;version value=&quot;0.1.0&quot;&gt;&lt;code value=&quot;CPE&quot;&gt;&lt;/coding&gt;" title="Cliquer pour copier en tant que Coding" class="btn-copy"> </button>
                  </span>
                </td>
              </tr>
              <tr>
                <td>
                  <a name="x-https://interop.esante.gouv.fr/ig/fhir/|5bcode|5d/CodeSystem/type-carte-code-system-CPF"> </a>
                  <code>https://interop.esante.gouv.fr/ig/fhir/[code]/CodeSystem/type-carte-code-system</code>
                </td>
                <td style="white-space:nowrap">  
                  <a href="CodeSystem-type-carte-code-system.html#type-carte-code-system-CPF">CPF</a>
                </td>
                <td/>
                <td>La Carte de Professionnel de Santé en Formation (CPF).</td>
                <td>
                  <span class="copy-text-inline">
                    <button data-clipboard-text="{&quot;system&quot;: &quot;https://interop.esante.gouv.fr/ig/fhir/[code]/CodeSystem/type-carte-code-system&quot;, &quot;version&quot;: &quot;0.1.0&quot;, &quot;code&quot;: &quot;CPF&quot;}" title="Cliquer pour copier en tant que Coding" class="btn-copy"> </button>
                  </span>
                </td>
                <td>
                  <span class="copy-text-inline">
                    <button data-clipboard-text="&lt;coding&gt;&lt;system value=&quot;https://interop.esante.gouv.fr/ig/fhir/[code]/CodeSystem/type-carte-code-system&quot;&gt;&lt;version value=&quot;0.1.0&quot;&gt;&lt;code value=&quot;CPF&quot;&gt;&lt;/coding&gt;" title="Cliquer pour copier en tant que Coding" class="btn-copy"> </button>
                  </span>
                </td>
              </tr>
              <tr>
                <td>
                  <a name="x-https://interop.esante.gouv.fr/ig/fhir/|5bcode|5d/CodeSystem/type-carte-code-system-CPS"> </a>
                  <code>https://interop.esante.gouv.fr/ig/fhir/[code]/CodeSystem/type-carte-code-system</code>
                </td>
                <td style="white-space:nowrap">  
                  <a href="CodeSystem-type-carte-code-system.html#type-carte-code-system-CPS">CPS</a>
                </td>
                <td/>
                <td>La Carte de Professionnel de Santé (CPS).</td>
                <td>
                  <span class="copy-text-inline">
                    <button data-clipboard-text="{&quot;system&quot;: &quot;https://interop.esante.gouv.fr/ig/fhir/[code]/CodeSystem/type-carte-code-system&quot;, &quot;version&quot;: &quot;0.1.0&quot;, &quot;code&quot;: &quot;CPS&quot;}" title="Cliquer pour copier en tant que Coding" class="btn-copy"> </button>
                  </span>
                </td>
                <td>
                  <span class="copy-text-inline">
                    <button data-clipboard-text="&lt;coding&gt;&lt;system value=&quot;https://interop.esante.gouv.fr/ig/fhir/[code]/CodeSystem/type-carte-code-system&quot;&gt;&lt;version value=&quot;0.1.0&quot;&gt;&lt;code value=&quot;CPS&quot;&gt;&lt;/coding&gt;" title="Cliquer pour copier en tant que Coding" class="btn-copy"> </button>
                  </span>
                </td>
              </tr>
            </table>
          </div>
        </text>
        <url value="https://interop.esante.gouv.fr/ig/fhir/[code]/ValueSet/MeltingPotVS"/>
        <version value="0.1.0"/>
        <name value="MeltingPotVS"/>
        <title value="Melting Pot Value Set"/>
        <status value="draft"/>
        <date value="2026-01-09T15:41:51+00:00"/>
        <jurisdiction>
          <coding>
            <system value="urn:iso:std:iso:3166"/>
            <code value="FR"/>
            <display value="FRANCE"/>
          </coding>
        </jurisdiction>
        <expansion>
          <identifier value="urn:uuid:4b3686e6-b129-4a93-a555-cac7fc295b1b"/>
          <timestamp value="2026-01-09T15:42:40+00:00"/>
          <total value="7"/>
          <offset value="0"/>
          <parameter>
            <name value="displayLanguage"/>
            <valueCode value="fr"/>
          </parameter>
          <parameter>
            <name value="count"/>
            <valueInteger value="1000"/>
          </parameter>
          <parameter>
            <name value="offset"/>
            <valueInteger value="0"/>
          </parameter>
          <parameter>
            <name value="excludeNested"/>
            <valueBoolean value="false"/>
          </parameter>
          <parameter>
            <name value="system-version"/>
            <valueUri value="http://snomed.info/sct|http://snomed.info/sct/11000315107"/>
          </parameter>
          <parameter>
            <name value="used-valueset"/>
            <valueUri value="null"/>
          </parameter>
          <parameter>
            <name value="used-codesystem"/>
            <valueUri value="http://snomed.info/sct|http://snomed.info/sct/11000315107/version/20250621"/>
          </parameter>
          <parameter>
            <name value="version"/>
            <valueUri value="http://snomed.info/sct|http://snomed.info/sct/11000315107/version/20250621"/>
          </parameter>
          <parameter>
            <name value="used-codesystem"/>
            <valueUri value="https://interop.esante.gouv.fr/ig/fhir/[code]/CodeSystem/competence-code-system|0.1.0"/>
          </parameter>
          <parameter>
            <name value="used-codesystem"/>
            <valueUri value="https://interop.esante.gouv.fr/ig/fhir/[code]/CodeSystem/type-carte-code-system|0.1.0"/>
          </parameter>
          <contains>
            <system value="http://snomed.info/sct"/>
            <code value="405738005"/>
            <display value="Blue color"/>
          </contains>
          <contains>
            <system value="http://snomed.info/sct"/>
            <code value="371254008"/>
            <display value="Brown color"/>
          </contains>
          <contains>
            <system value="https://interop.esante.gouv.fr/ig/fhir/[code]/CodeSystem/competence-code-system"/>
            <code value="C01"/>
          </contains>
          <contains>
            <system value="https://interop.esante.gouv.fr/ig/fhir/[code]/CodeSystem/type-carte-code-system"/>
            <code value="CPA"/>
          </contains>
          <contains>
            <system value="https://interop.esante.gouv.fr/ig/fhir/[code]/CodeSystem/type-carte-code-system"/>
            <code value="CPE"/>
          </contains>
          <contains>
            <system value="https://interop.esante.gouv.fr/ig/fhir/[code]/CodeSystem/type-carte-code-system"/>
            <code value="CPF"/>
          </contains>
          <contains>
            <system value="https://interop.esante.gouv.fr/ig/fhir/[code]/CodeSystem/type-carte-code-system"/>
            <code value="CPS"/>
          </contains>
        </expansion>
      </ValueSet>
    </resource>
  </entry>
  <entry>
    <fullUrl value="https://interop.esante.gouv.fr/ig/fhir/[code]/ValueSet/ModifiedAdministrativeGender"/>
    <resource>
      <ValueSet>
        <text>
          <status value="generated"/>
          <div xmlns="http://www.w3.org/1999/xhtml" data-fhir="generated">
            <p class="res-header-id"/>
            <p style="border: black 1px dotted; background-color: #EEEEEE; padding: 8px; margin-bottom: 8px">Expansion effectuée en interne basée sur 
              <a href="http://hl7.org/fhir/R4/codesystem-administrative-gender.html">codesystem AdministrativeGender v4.0.1 (CodeSystem)</a>
              <span class="copy-text-inline">
                <button data-clipboard-text="http://hl7.org/fhir/administrative-gender|4.0.1" title="Cliquer pour copier lURL" class="btn-copy"> </button>
              </span>
            </p>
            <p>Ce jeu de valeur (ValueSet) contient 3 concepts</p>
            <table class="codes" data-fhir="generated">
              <tr>
                <td>
                  <b>Système</b>
                </td>
                <td style="white-space:nowrap">
                  <b>Code</b>
                </td>
                <td>
                  <b>Affichage (fr)</b>
                </td>
                <td>
                  <b>Définition</b>
                </td>
                <td>
                  <b>JSON</b>
                </td>
                <td>
                  <b>XML</b>
                </td>
              </tr>
              <tr>
                <td>
                  <a name="x-http://hl7.org/fhir/administrative-gender-male"> </a>
                  <code>http://hl7.org/fhir/administrative-gender</code>
                </td>
                <td style="white-space:nowrap">  
                  <a href="http://hl7.org/fhir/R4/codesystem-administrative-gender.html#administrative-gender-male">male</a>
                </td>
                <td/>
                <td>Male.</td>
                <td>
                  <span class="copy-text-inline">
                    <button data-clipboard-text="{&quot;system&quot;: &quot;http://hl7.org/fhir/administrative-gender&quot;, &quot;version&quot;: &quot;4.0.1&quot;, &quot;code&quot;: &quot;male&quot;}" title="Cliquer pour copier en tant que Coding" class="btn-copy"> </button>
                  </span>
                </td>
                <td>
                  <span class="copy-text-inline">
                    <button data-clipboard-text="&lt;coding&gt;&lt;system value=&quot;http://hl7.org/fhir/administrative-gender&quot;&gt;&lt;version value=&quot;4.0.1&quot;&gt;&lt;code value=&quot;male&quot;&gt;&lt;/coding&gt;" title="Cliquer pour copier en tant que Coding" class="btn-copy"> </button>
                  </span>
                </td>
              </tr>
              <tr>
                <td>
                  <a name="x-http://hl7.org/fhir/administrative-gender-female"> </a>
                  <code>http://hl7.org/fhir/administrative-gender</code>
                </td>
                <td style="white-space:nowrap">  
                  <a href="http://hl7.org/fhir/R4/codesystem-administrative-gender.html#administrative-gender-female">female</a>
                </td>
                <td/>
                <td>Female.</td>
                <td>
                  <span class="copy-text-inline">
                    <button data-clipboard-text="{&quot;system&quot;: &quot;http://hl7.org/fhir/administrative-gender&quot;, &quot;version&quot;: &quot;4.0.1&quot;, &quot;code&quot;: &quot;female&quot;}" title="Cliquer pour copier en tant que Coding" class="btn-copy"> </button>
                  </span>
                </td>
                <td>
                  <span class="copy-text-inline">
                    <button data-clipboard-text="&lt;coding&gt;&lt;system value=&quot;http://hl7.org/fhir/administrative-gender&quot;&gt;&lt;version value=&quot;4.0.1&quot;&gt;&lt;code value=&quot;female&quot;&gt;&lt;/coding&gt;" title="Cliquer pour copier en tant que Coding" class="btn-copy"> </button>
                  </span>
                </td>
              </tr>
              <tr>
                <td>
                  <a name="x-http://hl7.org/fhir/administrative-gender-other"> </a>
                  <code>http://hl7.org/fhir/administrative-gender</code>
                </td>
                <td style="white-space:nowrap">  
                  <a href="http://hl7.org/fhir/R4/codesystem-administrative-gender.html#administrative-gender-other">other</a>
                </td>
                <td/>
                <td>Other.</td>
                <td>
                  <span class="copy-text-inline">
                    <button data-clipboard-text="{&quot;system&quot;: &quot;http://hl7.org/fhir/administrative-gender&quot;, &quot;version&quot;: &quot;4.0.1&quot;, &quot;code&quot;: &quot;other&quot;}" title="Cliquer pour copier en tant que Coding" class="btn-copy"> </button>
                  </span>
                </td>
                <td>
                  <span class="copy-text-inline">
                    <button data-clipboard-text="&lt;coding&gt;&lt;system value=&quot;http://hl7.org/fhir/administrative-gender&quot;&gt;&lt;version value=&quot;4.0.1&quot;&gt;&lt;code value=&quot;other&quot;&gt;&lt;/coding&gt;" title="Cliquer pour copier en tant que Coding" class="btn-copy"> </button>
                  </span>
                </td>
              </tr>
            </table>
          </div>
        </text>
        <url value="https://interop.esante.gouv.fr/ig/fhir/[code]/ValueSet/ModifiedAdministrativeGender"/>
        <version value="0.1.0"/>
        <name value="ModifiedAdministrativeGender"/>
        <title value="ModifiedAdministrativeGender"/>
        <status value="draft"/>
        <date value="2026-01-09T15:41:51+00:00"/>
        <jurisdiction>
          <coding>
            <system value="urn:iso:std:iso:3166"/>
            <code value="FR"/>
            <display value="FRANCE"/>
          </coding>
        </jurisdiction>
        <expansion>
          <identifier value="urn:uuid:85715b92-78f0-437f-a262-4ca464c4d456"/>
          <timestamp value="2026-01-09T15:42:37+00:00"/>
          <total value="3"/>
          <offset value="0"/>
          <parameter>
            <name value="displayLanguage"/>
            <valueCode value="fr"/>
          </parameter>
          <parameter>
            <name value="count"/>
            <valueInteger value="1000"/>
          </parameter>
          <parameter>
            <name value="offset"/>
            <valueInteger value="0"/>
          </parameter>
          <parameter>
            <name value="excludeNested"/>
            <valueBoolean value="false"/>
          </parameter>
          <parameter>
            <name value="used-codesystem"/>
            <valueUri value="http://hl7.org/fhir/administrative-gender|4.0.1"/>
          </parameter>
          <contains>
            <system value="http://hl7.org/fhir/administrative-gender"/>
            <code value="male"/>
          </contains>
          <contains>
            <system value="http://hl7.org/fhir/administrative-gender"/>
            <code value="female"/>
          </contains>
          <contains>
            <system value="http://hl7.org/fhir/administrative-gender"/>
            <code value="other"/>
          </contains>
        </expansion>
      </ValueSet>
    </resource>
  </entry>
  <entry>
    <fullUrl value="https://interop.esante.gouv.fr/ig/fhir/[code]/ValueSet/TypeCarteVS"/>
    <resource>
      <ValueSet>
        <text>
          <status value="generated"/>
          <div xmlns="http://www.w3.org/1999/xhtml" data-fhir="generated">
            <p class="res-header-id"/>
            <p style="border: black 1px dotted; background-color: #EEEEEE; padding: 8px; margin-bottom: 8px">Expansion effectuée en interne basée sur 
              <a href="CodeSystem-type-carte-code-system.html">codesystem Type de carte v0.1.0 (CodeSystem)</a>
              <span class="copy-text-inline">
                <button data-clipboard-text="https://interop.esante.gouv.fr/ig/fhir/[code]/CodeSystem/type-carte-code-system|0.1.0" title="Cliquer pour copier lURL" class="btn-copy"> </button>
              </span>
            </p>
            <p>Ce jeu de valeur (ValueSet) contient 4 concepts</p>
            <table class="codes" data-fhir="generated">
              <tr>
                <td>
                  <b>Système</b>
                </td>
                <td style="white-space:nowrap">
                  <b>Code</b>
                </td>
                <td>
                  <b>Affichage (fr)</b>
                </td>
                <td>
                  <b>Définition</b>
                </td>
                <td>
                  <b>JSON</b>
                </td>
                <td>
                  <b>XML</b>
                </td>
              </tr>
              <tr>
                <td>
                  <a name="x-https://interop.esante.gouv.fr/ig/fhir/|5bcode|5d/CodeSystem/type-carte-code-system-CPA"> </a>
                  <code>https://interop.esante.gouv.fr/ig/fhir/[code]/CodeSystem/type-carte-code-system</code>
                </td>
                <td style="white-space:nowrap">  
                  <a href="CodeSystem-type-carte-code-system.html#type-carte-code-system-CPA">CPA</a>
                </td>
                <td/>
                <td>La carte d'un personnel autorisé (CDA/CPA)</td>
                <td>
                  <span class="copy-text-inline">
                    <button data-clipboard-text="{&quot;system&quot;: &quot;https://interop.esante.gouv.fr/ig/fhir/[code]/CodeSystem/type-carte-code-system&quot;, &quot;version&quot;: &quot;0.1.0&quot;, &quot;code&quot;: &quot;CPA&quot;}" title="Cliquer pour copier en tant que Coding" class="btn-copy"> </button>
                  </span>
                </td>
                <td>
                  <span class="copy-text-inline">
                    <button data-clipboard-text="&lt;coding&gt;&lt;system value=&quot;https://interop.esante.gouv.fr/ig/fhir/[code]/CodeSystem/type-carte-code-system&quot;&gt;&lt;version value=&quot;0.1.0&quot;&gt;&lt;code value=&quot;CPA&quot;&gt;&lt;/coding&gt;" title="Cliquer pour copier en tant que Coding" class="btn-copy"> </button>
                  </span>
                </td>
              </tr>
              <tr>
                <td>
                  <a name="x-https://interop.esante.gouv.fr/ig/fhir/|5bcode|5d/CodeSystem/type-carte-code-system-CPE"> </a>
                  <code>https://interop.esante.gouv.fr/ig/fhir/[code]/CodeSystem/type-carte-code-system</code>
                </td>
                <td style="white-space:nowrap">  
                  <a href="CodeSystem-type-carte-code-system.html#type-carte-code-system-CPE">CPE</a>
                </td>
                <td/>
                <td>La Carte de Personnel d'Etablissement de santé (CDE/CPE).</td>
                <td>
                  <span class="copy-text-inline">
                    <button data-clipboard-text="{&quot;system&quot;: &quot;https://interop.esante.gouv.fr/ig/fhir/[code]/CodeSystem/type-carte-code-system&quot;, &quot;version&quot;: &quot;0.1.0&quot;, &quot;code&quot;: &quot;CPE&quot;}" title="Cliquer pour copier en tant que Coding" class="btn-copy"> </button>
                  </span>
                </td>
                <td>
                  <span class="copy-text-inline">
                    <button data-clipboard-text="&lt;coding&gt;&lt;system value=&quot;https://interop.esante.gouv.fr/ig/fhir/[code]/CodeSystem/type-carte-code-system&quot;&gt;&lt;version value=&quot;0.1.0&quot;&gt;&lt;code value=&quot;CPE&quot;&gt;&lt;/coding&gt;" title="Cliquer pour copier en tant que Coding" class="btn-copy"> </button>
                  </span>
                </td>
              </tr>
              <tr>
                <td>
                  <a name="x-https://interop.esante.gouv.fr/ig/fhir/|5bcode|5d/CodeSystem/type-carte-code-system-CPF"> </a>
                  <code>https://interop.esante.gouv.fr/ig/fhir/[code]/CodeSystem/type-carte-code-system</code>
                </td>
                <td style="white-space:nowrap">  
                  <a href="CodeSystem-type-carte-code-system.html#type-carte-code-system-CPF">CPF</a>
                </td>
                <td/>
                <td>La Carte de Professionnel de Santé en Formation (CPF).</td>
                <td>
                  <span class="copy-text-inline">
                    <button data-clipboard-text="{&quot;system&quot;: &quot;https://interop.esante.gouv.fr/ig/fhir/[code]/CodeSystem/type-carte-code-system&quot;, &quot;version&quot;: &quot;0.1.0&quot;, &quot;code&quot;: &quot;CPF&quot;}" title="Cliquer pour copier en tant que Coding" class="btn-copy"> </button>
                  </span>
                </td>
                <td>
                  <span class="copy-text-inline">
                    <button data-clipboard-text="&lt;coding&gt;&lt;system value=&quot;https://interop.esante.gouv.fr/ig/fhir/[code]/CodeSystem/type-carte-code-system&quot;&gt;&lt;version value=&quot;0.1.0&quot;&gt;&lt;code value=&quot;CPF&quot;&gt;&lt;/coding&gt;" title="Cliquer pour copier en tant que Coding" class="btn-copy"> </button>
                  </span>
                </td>
              </tr>
              <tr>
                <td>
                  <a name="x-https://interop.esante.gouv.fr/ig/fhir/|5bcode|5d/CodeSystem/type-carte-code-system-CPS"> </a>
                  <code>https://interop.esante.gouv.fr/ig/fhir/[code]/CodeSystem/type-carte-code-system</code>
                </td>
                <td style="white-space:nowrap">  
                  <a href="CodeSystem-type-carte-code-system.html#type-carte-code-system-CPS">CPS</a>
                </td>
                <td/>
                <td>La Carte de Professionnel de Santé (CPS).</td>
                <td>
                  <span class="copy-text-inline">
                    <button data-clipboard-text="{&quot;system&quot;: &quot;https://interop.esante.gouv.fr/ig/fhir/[code]/CodeSystem/type-carte-code-system&quot;, &quot;version&quot;: &quot;0.1.0&quot;, &quot;code&quot;: &quot;CPS&quot;}" title="Cliquer pour copier en tant que Coding" class="btn-copy"> </button>
                  </span>
                </td>
                <td>
                  <span class="copy-text-inline">
                    <button data-clipboard-text="&lt;coding&gt;&lt;system value=&quot;https://interop.esante.gouv.fr/ig/fhir/[code]/CodeSystem/type-carte-code-system&quot;&gt;&lt;version value=&quot;0.1.0&quot;&gt;&lt;code value=&quot;CPS&quot;&gt;&lt;/coding&gt;" title="Cliquer pour copier en tant que Coding" class="btn-copy"> </button>
                  </span>
                </td>
              </tr>
            </table>
          </div>
        </text>
        <url value="https://interop.esante.gouv.fr/ig/fhir/[code]/ValueSet/TypeCarteVS"/>
        <version value="0.1.0"/>
        <name value="TypeCarteVS"/>
        <title value="Type Carte Value Set"/>
        <status value="draft"/>
        <date value="2026-01-09T15:41:51+00:00"/>
        <jurisdiction>
          <coding>
            <system value="urn:iso:std:iso:3166"/>
            <code value="FR"/>
            <display value="FRANCE"/>
          </coding>
        </jurisdiction>
        <expansion>
          <identifier value="urn:uuid:6fffcf04-f39b-4909-aa73-f4f74480c0eb"/>
          <timestamp value="2026-01-09T15:42:40+00:00"/>
          <total value="4"/>
          <offset value="0"/>
          <parameter>
            <name value="displayLanguage"/>
            <valueCode value="fr"/>
          </parameter>
          <parameter>
            <name value="count"/>
            <valueInteger value="1000"/>
          </parameter>
          <parameter>
            <name value="offset"/>
            <valueInteger value="0"/>
          </parameter>
          <parameter>
            <name value="excludeNested"/>
            <valueBoolean value="false"/>
          </parameter>
          <parameter>
            <name value="used-codesystem"/>
            <valueUri value="https://interop.esante.gouv.fr/ig/fhir/[code]/CodeSystem/type-carte-code-system|0.1.0"/>
          </parameter>
          <contains>
            <system value="https://interop.esante.gouv.fr/ig/fhir/[code]/CodeSystem/type-carte-code-system"/>
            <code value="CPA"/>
          </contains>
          <contains>
            <system value="https://interop.esante.gouv.fr/ig/fhir/[code]/CodeSystem/type-carte-code-system"/>
            <code value="CPE"/>
          </contains>
          <contains>
            <system value="https://interop.esante.gouv.fr/ig/fhir/[code]/CodeSystem/type-carte-code-system"/>
            <code value="CPF"/>
          </contains>
          <contains>
            <system value="https://interop.esante.gouv.fr/ig/fhir/[code]/CodeSystem/type-carte-code-system"/>
            <code value="CPS"/>
          </contains>
        </expansion>
      </ValueSet>
    </resource>
  </entry>
</Bundle>