{"resourceType":"CodeSystem","id":"competence-code-system","text":{"status":"generated","div":"<div xmlns=\"http://www.w3.org/1999/xhtml\"><p class=\"res-header-id\"><b>Narratif généré : CodeSystem competence-code-system</b></p><a name=\"competence-code-system\"> </a><a name=\"hccompetence-code-system\"> </a><p>This  code system <code>https://interop.esante.gouv.fr/ig/fhir/[code]/CodeSystem/competence-code-system</code> defines the following codes:</p><table class=\"codes\"><tr><td style=\"white-space:nowrap\"><b>Code</b></td><td><b>Affichage</b></td><td><b>Définition</b></td></tr><tr><td style=\"white-space:nowrap\">C01<a name=\"competence-code-system-C01\"> </a></td><td>Anatomie et Cytologie pathologiques humaines</td><td>Anatomie, Cyto patho;Anatomie et Cytologie pathologiques humaines</td></tr><tr><td style=\"white-space:nowrap\">C03<a name=\"competence-code-system-C03\"> </a></td><td>Anesthésie-réanimation</td><td>Anesthésie-réanim;Anesthésie-réanimation</td></tr><tr><td style=\"white-space:nowrap\">C05<a name=\"competence-code-system-C05\"> </a></td><td>Médecine appliquée aux sports</td><td>Méd appliquée sports;Médecine appliquée aux sports</td></tr><tr><td style=\"white-space:nowrap\">C07<a name=\"competence-code-system-C07\"> </a></td><td>Cardiologie</td><td>Cardiologie;Cardiologie</td></tr><tr><td style=\"white-space:nowrap\">C09<a name=\"competence-code-system-C09\"> </a></td><td>Chirurgie plastique, reconstructrice et esthétique</td><td>Chir plast reco esth;Chirurgie plastique, reconstructrice et esthétique</td></tr><tr><td style=\"white-space:nowrap\">C10<a name=\"competence-code-system-C10\"> </a></td><td>Chirurgie maxillo-faciale;Chirurgie maxillo-faciale;Chirurgie maxillo-faciale</td><td/></tr><tr><td style=\"white-space:nowrap\">C11<a name=\"competence-code-system-C11\"> </a></td><td>Chirurgie thoracique</td><td>Chirurgie thoracique;Chirurgie thoracique</td></tr><tr><td style=\"white-space:nowrap\">C12<a name=\"competence-code-system-C12\"> </a></td><td>Chirurgie orthopédique</td><td>Chirurgie orthopédique;Chirurgie orthopédique</td></tr><tr><td style=\"white-space:nowrap\">C13<a name=\"competence-code-system-C13\"> </a></td><td>Urologie</td><td>Urologie;Urologie</td></tr><tr><td style=\"white-space:nowrap\">C15<a name=\"competence-code-system-C15\"> </a></td><td>Dermato-vénéréologie</td><td>Dermato-vénéréologie;Dermato-vénéréologie</td></tr><tr><td style=\"white-space:nowrap\">C20<a name=\"competence-code-system-C20\"> </a></td><td>Hémobiologie</td><td>Hémobiologie;Hémobiologie</td></tr><tr><td style=\"white-space:nowrap\">C23<a name=\"competence-code-system-C23\"> </a></td><td>Gynécologie médicale et Obstétrique</td><td>Gynéco-médicale, Obstétrique;Gynécologie médicale et Obstétrique</td></tr><tr><td style=\"white-space:nowrap\">C25<a name=\"competence-code-system-C25\"> </a></td><td>Gynécologie médicale</td><td>Gynécologie médicale;Gynécologie médicale</td></tr><tr><td style=\"white-space:nowrap\">C27<a name=\"competence-code-system-C27\"> </a></td><td>Obstétrique</td><td>Obstétrique;Obstétrique</td></tr><tr><td style=\"white-space:nowrap\">C29<a name=\"competence-code-system-C29\"> </a></td><td>Maladies de l'appareil digestif</td><td>Maladies appareil digestif;Maladies de l'appareil digestif</td></tr><tr><td style=\"white-space:nowrap\">C30<a name=\"competence-code-system-C30\"> </a></td><td>Néphrologie</td><td>Néphrologie;Néphrologie</td></tr><tr><td style=\"white-space:nowrap\">C31<a name=\"competence-code-system-C31\"> </a></td><td>Médecine exotique</td><td>Médecine exotique;Médecine exotique</td></tr><tr><td style=\"white-space:nowrap\">C33<a name=\"competence-code-system-C33\"> </a></td><td>Allergologie</td><td>Allergologie;Allergologie</td></tr><tr><td style=\"white-space:nowrap\">C34<a name=\"competence-code-system-C34\"> </a></td><td>Angéiologie</td><td>Angéiologie;Angéiologie</td></tr><tr><td style=\"white-space:nowrap\">C35<a name=\"competence-code-system-C35\"> </a></td><td>Cancérologie</td><td>Cancérologie;Cancérologie</td></tr><tr><td style=\"white-space:nowrap\">C36<a name=\"competence-code-system-C36\"> </a></td><td>Diabétologie-nutrition</td><td>Diabéto-nutrition;Diabétologie-nutrition</td></tr><tr><td style=\"white-space:nowrap\">C37<a name=\"competence-code-system-C37\"> </a></td><td>Endocrinologie</td><td>Endocrinologie;Endocrinologie</td></tr><tr><td style=\"white-space:nowrap\">C38<a name=\"competence-code-system-C38\"> </a></td><td>Maladies du sang</td><td>Maladies du sang;Maladies du sang</td></tr><tr><td style=\"white-space:nowrap\">C39<a name=\"competence-code-system-C39\"> </a></td><td>Réanimation</td><td>Réanimation;Réanimation</td></tr><tr><td style=\"white-space:nowrap\">C40<a name=\"competence-code-system-C40\"> </a></td><td>Médecine légale</td><td>Médecine légale;Médecine légale</td></tr><tr><td style=\"white-space:nowrap\">C41<a name=\"competence-code-system-C41\"> </a></td><td>Médecine du travail</td><td>Médecine du travail;Médecine du travail</td></tr><tr><td style=\"white-space:nowrap\">C43<a name=\"competence-code-system-C43\"> </a></td><td>Neurologie</td><td>Neurologie;Neurologie</td></tr><tr><td style=\"white-space:nowrap\">C45<a name=\"competence-code-system-C45\"> </a></td><td>Neuro-chirurgie</td><td>Neuro-chirurgie;Neuro-chirurgie</td></tr><tr><td style=\"white-space:nowrap\">C47<a name=\"competence-code-system-C47\"> </a></td><td>Neuro-psychiatrie</td><td>Neuro-psychiatrie;Neuro-psychiatrie</td></tr><tr><td style=\"white-space:nowrap\">C51<a name=\"competence-code-system-C51\"> </a></td><td>Pédiatrie</td><td>Pédiatrie;Pédiatrie</td></tr><tr><td style=\"white-space:nowrap\">C52<a name=\"competence-code-system-C52\"> </a></td><td>Phoniatrie</td><td>Phoniatrie;Phoniatrie</td></tr><tr><td style=\"white-space:nowrap\">C54<a name=\"competence-code-system-C54\"> </a></td><td>Pneumologie</td><td>Pneumologie;Pneumologie</td></tr><tr><td style=\"white-space:nowrap\">C57<a name=\"competence-code-system-C57\"> </a></td><td>Psychiatrie</td><td>Psychiatrie;Psychiatrie</td></tr><tr><td style=\"white-space:nowrap\">C58<a name=\"competence-code-system-C58\"> </a></td><td>Psychiatrie, option enfant et adolescent</td><td>Psychiatrie, opt enfant et ado;Psychiatrie, option enfant et adolescent</td></tr><tr><td style=\"white-space:nowrap\">C60<a name=\"competence-code-system-C60\"> </a></td><td>Médecine physique et de réadaptation</td><td>Médecine physique, réadapt;Médecine physique et de réadaptation</td></tr><tr><td style=\"white-space:nowrap\">C62<a name=\"competence-code-system-C62\"> </a></td><td>Rhumatologie</td><td>Rhumatologie;Rhumatologie</td></tr><tr><td style=\"white-space:nowrap\">C68<a name=\"competence-code-system-C68\"> </a></td><td>Chirurgie pédiatrique</td><td>Chirurgie pédiatrique;Chirurgie pédiatrique</td></tr><tr><td style=\"white-space:nowrap\">C69<a name=\"competence-code-system-C69\"> </a></td><td>Médecine nucléaire</td><td>Médecine nucléaire;Médecine nucléaire</td></tr><tr><td style=\"white-space:nowrap\">C71<a name=\"competence-code-system-C71\"> </a></td><td>Médecine thermale</td><td>Médecine thermale;Médecine thermale</td></tr><tr><td style=\"white-space:nowrap\">C72<a name=\"competence-code-system-C72\"> </a></td><td>Génétique médicale</td><td>Génétique médicale;Génétique médicale</td></tr><tr><td style=\"white-space:nowrap\">C75<a name=\"competence-code-system-C75\"> </a></td><td>Endocrinologie et Maladies métaboliques</td><td>Endocrin, Maladies métaboliq;Endocrinologie et Maladies métaboliques</td></tr><tr><td style=\"white-space:nowrap\">C76<a name=\"competence-code-system-C76\"> </a></td><td>Orthopédie dento-maxillo-faciale</td><td>Orthopédie dento-maxilo-fac;Orthopédie dento-maxillo-faciale</td></tr><tr><td style=\"white-space:nowrap\">C83<a name=\"competence-code-system-C83\"> </a></td><td>Chirurgie de la face et du cou</td><td>Chirurgie face et cou;Chirurgie de la face et du cou</td></tr></table></div>"},"url":"https://interop.esante.gouv.fr/ig/fhir/[code]/CodeSystem/competence-code-system","version":"0.1.0","name":"CompetenceCS","title":"Compétences CodeSystem","status":"draft","date":"2025-12-29T09:30:07+00:00","publisher":"Agence du Numérique en Santé (ANS) - 2-10 Rue d'Oradour-sur-Glane, 75015 Paris","contact":[{"name":"Agence du Numérique en Santé (ANS) - 2-10 Rue d'Oradour-sur-Glane, 75015 Paris","telecom":[{"system":"url","value":"https://esante.gouv.fr"}]}],"description":"Compétences des professionnels de santé.","jurisdiction":[{"coding":[{"system":"urn:iso:std:iso:3166","code":"FR","display":"FRANCE"}]}],"content":"complete","count":43,"concept":[{"code":"C01","display":"Anatomie et Cytologie pathologiques humaines","definition":"Anatomie, Cyto patho;Anatomie et Cytologie pathologiques humaines"},{"code":"C03","display":"Anesthésie-réanimation","definition":"Anesthésie-réanim;Anesthésie-réanimation"},{"code":"C05","display":"Médecine appliquée aux sports","definition":"Méd appliquée sports;Médecine appliquée aux sports"},{"code":"C07","display":"Cardiologie","definition":"Cardiologie;Cardiologie"},{"code":"C09","display":"Chirurgie plastique, reconstructrice et esthétique","definition":"Chir plast reco esth;Chirurgie plastique, reconstructrice et esthétique"},{"code":"C10","display":"Chirurgie maxillo-faciale;Chirurgie maxillo-faciale;Chirurgie maxillo-faciale"},{"code":"C11","display":"Chirurgie thoracique","definition":"Chirurgie thoracique;Chirurgie thoracique"},{"code":"C12","display":"Chirurgie orthopédique","definition":"Chirurgie orthopédique;Chirurgie orthopédique"},{"code":"C13","display":"Urologie","definition":"Urologie;Urologie"},{"code":"C15","display":"Dermato-vénéréologie","definition":"Dermato-vénéréologie;Dermato-vénéréologie"},{"code":"C20","display":"Hémobiologie","definition":"Hémobiologie;Hémobiologie"},{"code":"C23","display":"Gynécologie médicale et Obstétrique","definition":"Gynéco-médicale, Obstétrique;Gynécologie médicale et Obstétrique"},{"code":"C25","display":"Gynécologie médicale","definition":"Gynécologie médicale;Gynécologie médicale"},{"code":"C27","display":"Obstétrique","definition":"Obstétrique;Obstétrique"},{"code":"C29","display":"Maladies de l'appareil digestif","definition":"Maladies appareil digestif;Maladies de l'appareil digestif"},{"code":"C30","display":"Néphrologie","definition":"Néphrologie;Néphrologie"},{"code":"C31","display":"Médecine exotique","definition":"Médecine exotique;Médecine exotique"},{"code":"C33","display":"Allergologie","definition":"Allergologie;Allergologie"},{"code":"C34","display":"Angéiologie","definition":"Angéiologie;Angéiologie"},{"code":"C35","display":"Cancérologie","definition":"Cancérologie;Cancérologie"},{"code":"C36","display":"Diabétologie-nutrition","definition":"Diabéto-nutrition;Diabétologie-nutrition"},{"code":"C37","display":"Endocrinologie","definition":"Endocrinologie;Endocrinologie"},{"code":"C38","display":"Maladies du sang","definition":"Maladies du sang;Maladies du sang"},{"code":"C39","display":"Réanimation","definition":"Réanimation;Réanimation"},{"code":"C40","display":"Médecine légale","definition":"Médecine légale;Médecine légale"},{"code":"C41","display":"Médecine du travail","definition":"Médecine du travail;Médecine du travail"},{"code":"C43","display":"Neurologie","definition":"Neurologie;Neurologie"},{"code":"C45","display":"Neuro-chirurgie","definition":"Neuro-chirurgie;Neuro-chirurgie"},{"code":"C47","display":"Neuro-psychiatrie","definition":"Neuro-psychiatrie;Neuro-psychiatrie"},{"code":"C51","display":"Pédiatrie","definition":"Pédiatrie;Pédiatrie"},{"code":"C52","display":"Phoniatrie","definition":"Phoniatrie;Phoniatrie"},{"code":"C54","display":"Pneumologie","definition":"Pneumologie;Pneumologie"},{"code":"C57","display":"Psychiatrie","definition":"Psychiatrie;Psychiatrie"},{"code":"C58","display":"Psychiatrie, option enfant et adolescent","definition":"Psychiatrie, opt enfant et ado;Psychiatrie, option enfant et adolescent"},{"code":"C60","display":"Médecine physique et de réadaptation","definition":"Médecine physique, réadapt;Médecine physique et de réadaptation"},{"code":"C62","display":"Rhumatologie","definition":"Rhumatologie;Rhumatologie"},{"code":"C68","display":"Chirurgie pédiatrique","definition":"Chirurgie pédiatrique;Chirurgie pédiatrique"},{"code":"C69","display":"Médecine nucléaire","definition":"Médecine nucléaire;Médecine nucléaire"},{"code":"C71","display":"Médecine thermale","definition":"Médecine thermale;Médecine thermale"},{"code":"C72","display":"Génétique médicale","definition":"Génétique médicale;Génétique médicale"},{"code":"C75","display":"Endocrinologie et Maladies métaboliques","definition":"Endocrin, Maladies métaboliq;Endocrinologie et Maladies métaboliques"},{"code":"C76","display":"Orthopédie dento-maxillo-faciale","definition":"Orthopédie dento-maxilo-fac;Orthopédie dento-maxillo-faciale"},{"code":"C83","display":"Chirurgie de la face et du cou","definition":"Chirurgie face et cou;Chirurgie de la face et du cou"}]}