<?xml version="1.0" encoding="UTF-8"?><ValueSet xmlns="http://hl7.org/fhir"><id value="MeltingPotVS"/><text><status value="extensions"/><div xmlns="http://www.w3.org/1999/xhtml"><p class="res-header-id"><b>Narratif généré : EnsembleValeurs MeltingPotVS</b></p><a name="MeltingPotVS"> </a><a name="hcMeltingPotVS"> </a><p>Ce jeu de valeur (ValueSet) inclut les codes selon les règles suivantes :</p><ul><li>Inclut ce(s) code(s) tel quil(s) est (sont) défini(s) dans <a href="http://www.snomed.org/"><code>http://snomed.info/sct</code></a><span title="La version nest pas explicitement indiquée. Aucun {0} correspondant trouvé"> version Non précisé (utilise la dernière version provenant du serveur de terminologie)</span><table class="none"><tr><td style="white-space:nowrap"><b>Code</b></td><td><b>Affichage</b></td></tr><tr><td><a href="http://snomed.info/id/405738005">405738005</a></td><td>Blue color (qualifier value)</td></tr><tr><td><a href="http://snomed.info/id/371254008">371254008</a></td><td style="color: #cccccc">Brown color</td></tr></table></li><li>Inclut ce(s) code(s) tel quil(s) est (sont) défini(s) dans <a href="CodeSystem-competence-code-system.html"><code>https://interop.esante.gouv.fr/ig/fhir/[code]/CodeSystem/competence-code-system</code></a><span title="La version nest pas explicitement indiquée, ce qui signifie quelle est fixée à la version fournie dans cette spécification"> version 📦0.1.0</span><table class="none"><tr><td style="white-space:nowrap"><b>Code</b></td><td><b>Affichage</b></td><td><b>Définition</b></td></tr><tr><td><a href="CodeSystem-competence-code-system.html#competence-code-system-C01">C01</a></td><td style="color: #cccccc">Anatomie et Cytologie pathologiques humaines</td><td>Anatomie, Cyto patho;Anatomie et Cytologie pathologiques humaines</td></tr></table></li><li>Inclut tous les codes définis dans <a href="CodeSystem-type-carte-code-system.html"><code>https://interop.esante.gouv.fr/ig/fhir/[code]/CodeSystem/type-carte-code-system</code></a><span title="La version nest pas explicitement indiquée, ce qui signifie quelle est fixée à la version fournie dans cette spécification"> version 📦0.1.0</span></li></ul></div></text><url value="https://interop.esante.gouv.fr/ig/fhir/[code]/ValueSet/MeltingPotVS"/><version value="0.1.0"/><name value="MeltingPotVS"/><title value="Melting Pot Value Set"/><status value="draft"/><date value="2026-01-06T09:52:49+00:00"/><publisher value="Agence du Numérique en Santé (ANS) - 2-10 Rue d'Oradour-sur-Glane, 75015 Paris"/><contact><name value="Agence du Numérique en Santé (ANS) - 2-10 Rue d'Oradour-sur-Glane, 75015 Paris"/><telecom><system value="url"/><value value="https://esante.gouv.fr"/></telecom></contact><description value="Melting Pot Value Set."/><jurisdiction><coding><system value="urn:iso:std:iso:3166"/><code value="FR"/><display value="FRANCE"/></coding></jurisdiction><compose><include><system value="http://snomed.info/sct"/><concept><code value="405738005"/><display value="Blue color (qualifier value)"/></concept><concept><code value="371254008"/></concept></include><include><system value="https://interop.esante.gouv.fr/ig/fhir/[code]/CodeSystem/competence-code-system"/><concept><code value="C01"/></concept></include><include><system value="https://interop.esante.gouv.fr/ig/fhir/[code]/CodeSystem/type-carte-code-system"/></include></compose></ValueSet>